## Sum,Avg,Count

```sql
mysql> select * from sales;
+----+------+-------+----------+---------------------+
| id | item | price | quantity | create_at           |
+----+------+-------+----------+---------------------+
|  1 | abc  |    10 |        2 | 2017-01-16 22:42:35 |
|  2 | jkl  |    20 |        1 | 2017-01-16 22:42:35 |
|  3 | xyz  |   100 |       10 | 2017-01-16 22:42:35 |
|  4 | xyz  |    30 |       20 | 2017-01-16 22:42:35 |
|  5 | abc  |    50 |       10 | 2017-01-16 22:42:35 |
|  6 | def  |   101 |        5 | 2017-01-16 22:42:35 |
|  7 | def  |   104 |       10 | 2017-01-16 22:42:35 |
|  8 | abc  |   151 |        5 | 2017-01-16 22:42:35 |
+----+------+-------+----------+---------------------+
8 rows in set (0.01 sec)

SELECT Sum(price * quantity) AS totalSaleAmount,
       Avg(quantity)         AS averageQuantity,
       Count(*)              AS Count
FROM   sales;

+-----------------+-----------------+-------+
| totalSaleAmount | averageQuantity | Count |
+-----------------+-----------------+-------+
|            4440 |          7.8750 |     8 |
+-----------------+-----------------+-------+
1 row in set (0.00 sec)

-- 拆解
SELECT Sum(price * quantity) AS totalSaleAmount
FROM   sales
LIMIT 3;

+-----------------+
| totalSaleAmount |
+-----------------+
|            4440 |
+-----------------+
1 row in set (0.00 sec)
-- 上面显然是对所有数据求和
-- mysql查询指定条数的某个字段的总和,sum和limit不能一起使用，因sum优先级别高于limit，会先sum再limit。

-- 解决方法是使用子查询：先查出限制的条数，然后进行sum
SELECT * FROM sales LIMIT 3;

SELECT Sum(price * quantity) AS totalSaleAmount
FROM   (SELECT * FROM sales LIMIT 3);

-- ERROR 1248 (42000): Every derived table must have its own alias 需要给字表加个名称
SELECT Sum(price * quantity) AS totalSaleAmount
FROM   (SELECT * FROM sales LIMIT 3) child;
+-----------------+
| totalSaleAmount |
+-----------------+
|            1040 |
+-----------------+
1 row in set (0.00 sec)
```