## mark 表中存放如下数据
```
mysql> select * from mark;
+----+--------+--------+-------+
| id | name   | lesson | score |
+----+--------+--------+-------+
|  1 | 张三   | 语文   |    81 |
|  2 | 张三   | 数学   |    65 |
|  3 | 李四   | 语文   |    23 |
|  4 | 李四   | 数学   |    90 |
|  5 | 王五   | 语文   |    94 |
|  6 | 王五   | 数学   |    81 |
|  7 | 赵六   | 数学   |    80 |
|  8 | 赵六   | 英语   |    86 |
+----+--------+--------+-------+
8 rows in set (0.01 sec)
```

用一条SQL查出每门课分数都大于80分的学生姓名

1. 先查出有分数小于80 分的学生姓名
```
mysql> select distinct M.name from mark M where M.score < 80;
+--------+
| name   |
+--------+
| 张三   |
| 李四   |
+--------+
2 rows in set (0.00 sec)
```

2. 使用not in
```
mysql> select distinct M.name from mark M where M.name not in (select distinct M.name from mark M where M.score < 80);
+--------+
| name   |
+--------+
| 王五   |
| 赵六   |
+--------+
2 rows in set (0.00 sec)
```

## SQL SELECT DISTINCT 语句
在表中，可能会包含重复值。这并不成问题，不过，有时您也许希望仅仅列出不同（distinct）的值。

```
mysql> select name from mark;
+--------+
| name   |
+--------+
| 张三   |
| 张三   |
| 李四   |
| 李四   |
| 王五   |
| 王五   |
| 赵六   |
| 赵六   |
+--------+
8 rows in set (0.00 sec)
```

重复的名字只取一个，并且重命名字段
```
mysql> select distinct name as studentName from mark;
+-------------+
| studentName |
+-------------+
| 张三        |
| 李四        |
| 王五        |
| 赵六        |
+-------------+
4 rows in set (0.00 sec)
```




