## SQL CREATE DATABASE 语法
```
CREATE DATABASE database_name

mysql> CREATE DATABASE Example;
Query OK, 1 row affected (0.00 sec)

mysql> show databases;
+--------------------+
| Database           |
+--------------------+
| information_schema |
| Example            |
| Java               |
| Nodejs             |
| mysql              |
| performance_schema |
| sys                |
+--------------------+
7 rows in set (0.00 sec)

mysql> use Example;
Database changed

mysql> show tables;
Empty set (0.00 sec)

```

## SQL DataTypes
> MySQL中定义数据字段的类型对你数据库的优化是非常重要的。

MySQL支持多种类型，大致可以分为三类：数值、日期/时间和字符串(字符)类型。
http://www.runoob.com/mysql/mysql-data-types.html

CREATE TABLE `model` (
  `id` int(11) NOT NULL AUTO_INCREMENT,
  `type` smallint(2) DEFAULT NULL COMMENT '类型 1:qq 2:ww 3:ee 4:rr 5:tt',
  `target_id` int(11) NOT NULL DEFAULT '0' COMMENT '目标id',
  `questions` json DEFAULT NULL COMMENT '问题',
  `plan_date` date DEFAULT NULL COMMENT '计划学习时间',
  `power_score` int(11) NOT NULL DEFAULT '0' COMMENT '积分值',
  `extend` json DEFAULT NULL COMMENT '{ "pic_url": "图片地址", "activity_name":"活动名称" }',
  `create_time` datetime NOT NULL DEFAULT CURRENT_TIMESTAMP COMMENT '创建时间',
  `update_time` datetime DEFAULT NULL ON UPDATE CURRENT_TIMESTAMP,
  PRIMARY KEY (`id`)
) ENGINE=InnoDB DEFAULT CHARSET=utf8mb4;

### 日期类型
* date:你直接就可以理解为2017-3-21 不带时分秒的

* datetime:相反，则是带时分秒的 

* timestamp:时间戳 很好理解（1970年01月01日00时00分00秒(北京时间1970年01月01日08时00分00秒)起至现在的总秒数。）

时间范围
date -- > '1000-01-01' to '9999-12-31'.

datetime --> '1000-01-01 00:00:00' to '9999-12-31 23:59:59'.

timestamp -- > '1970-01-01 00:00:01' UTC to '2038-01-19 03:14:07' UTC


常用日期函数以及转换
1、获取当前日期：
 CURRENT_DATE()或者CURDATE()

2、获取当前时间:
CURRENT_TIME()或者CURTIME()

3、获取当前日期和时间
NOW()或者CURRENT_TIMESTAMP()

4、linux/unix时间戳和mysql时间日期类型之间的转换：
UNIX_TIMESTAMP(NOW())                //将mysql的datetime转换成linux/unix的时间戳；日期时间
UNIX_TIMESTAMP(DATE(NOW()))          //将mysql的date转换成linux/unix的日期。
UNIX_TIMESTAMP(TIME(NOW()))          //将mysql的time转换成linux/unix的时间。(用问题)
FROM_UNIXTIME(time_t)                //将unix的时间戳转换成mysql的datetime；日期时间
DATE(FROM_UNIXTIME(time_t))          //日期
TIME(FROM_UNIXTIME(time_t))          //时间

### AUTO_INCREMENT
如果设置了自增主键，则从1开始，步长为1。但是有时候，比如我们创建员工编号或者学生证号的时候，希望能够从某个起始值开始自增。

建表时设置自增起始值
```
CREATE TABLE student_info(
    id INT PRIMARY KEY AUTO_INCREMENT,
    sex TINYINT NOT NULL,
    name VARCHAR(10) NOT NULL
    )ENGINE=MyISAM DEFAULT CHARSET=utf8 AUTO_INCREMENT=20110000;
```

建表后设置自增起始值
```
CREATE TABLE student_info(
    id INT PRIMARY KEY AUTO_INCREMENT,
    sex TINYINT NOT NULL,
    name VARCHAR(10) NOT NULL
    )ENGINE=MyISAM DEFAULT CHARSET=utf8; 

ALTER TABLE student_info SET AUTO_INCREMENT=20110000;
```

## SQL CREATE TABLE 语法
```
CREATE TABLE table_name (column_name column_type);

*******************************************************************************************************
CREATE TABLE IF NOT EXISTS `runoob_tbl`(
   `runoob_id` INT UNSIGNED AUTO_INCREMENT,
   `runoob_title` VARCHAR(100) NOT NULL,
   `runoob_author` VARCHAR(40) NOT NULL,
   `submission_date` DATE,
   PRIMARY KEY ( `runoob_id` )
)ENGINE=InnoDB DEFAULT CHARSET=utf8;

**插入数据**
mysql> insert into model(type,questions,extend) values
( 1, 
  JSON_ARRAY(1, 'abc', null, true, CURTIME()), 
  '[{"subid":31,"tips_id":"3","name":"开学典礼"},{"subid":32,"tips_id":"3","name":"课程"}]'
);

**删除数据**
mysql> delete from model where id=1;

-- 清空全部数据，不写日志，不可恢复，速度极快
truncate table 表名;
 
-- 清空全部数据，写日志，数据可恢复，速度慢
delete from 表名


*******************************************************************************************************

// 软件导出的表结构
DROP TABLE IF EXISTS `grade`;
CREATE TABLE `grade` (
  `id` varchar(50) NOT NULL,
  `grade_value` int(11) NOT NULL COMMENT '等级值',
  `experience_value` bigint(20) DEFAULT NULL COMMENT '对应经验值',
  `create_at` timestamp NOT NULL DEFAULT CURRENT_TIMESTAMP COMMENT '创建时间',
  `update_at` timestamp NOT NULL DEFAULT CURRENT_TIMESTAMP ON UPDATE CURRENT_TIMESTAMP COMMENT '修改时间',
  PRIMARY KEY (`id`)
) ENGINE=InnoDB DEFAULT CHARSET=utf8 COMMENT='等级表';

mysql> show tables;
+-------------------+
| Tables_in_example |
+-------------------+
| grade             |
+-------------------+
1 row in set (0.00 sec)

mysql> desc grade;
+------------------+-------------+------+-----+-------------------+-----------------------------+
| Field            | Type        | Null | Key | Default           | Extra                       |
+------------------+-------------+------+-----+-------------------+-----------------------------+
| id               | varchar(50) | NO   | PRI | NULL              |                             |
| grade_value      | int(11)     | NO   |     | NULL              |                             |
| experience_value | bigint(20)  | YES  |     | NULL              |                             |
| create_at        | timestamp   | NO   |     | CURRENT_TIMESTAMP |                             |
| update_at        | timestamp   | NO   |     | CURRENT_TIMESTAMP | on update CURRENT_TIMESTAMP |
+------------------+-------------+------+-----+-------------------+-----------------------------+
5 rows in set (0.01 sec)

// 插入数据
BEGIN;
INSERT INTO `grade` VALUES ('grade_1', 1, 0, '2017-01-16 22:42:35', '2017-01-16 22:42:35');
INSERT INTO `grade` VALUES ('grade_2', 2, 501, '2017-01-16 22:42:35', '2017-01-16 22:42:35');
INSERT INTO `grade` VALUES ('grade_3', 3, 1001, '2017-01-16 22:42:35', '2017-01-16 22:42:35');
INSERT INTO `grade` VALUES ('grade_4', 4, 2001, '2017-01-16 22:42:35', '2017-01-16 22:42:35');
INSERT INTO `grade` VALUES ('grade_5', 5, 5001, '2017-01-16 22:42:35', '2017-01-16 22:42:35');
INSERT INTO `grade` VALUES ('grade_6', 6, 10001, '2017-01-16 22:42:35', '2017-01-16 22:42:35');
INSERT INTO `grade` VALUES ('grade_7', 7, 20001, '2017-01-16 22:42:35', '2017-01-16 22:42:35');
COMMIT;

mysql> select * from grade;
+---------+-------------+------------------+---------------------+---------------------+
| id      | grade_value | experience_value | create_at           | update_at           |
+---------+-------------+------------------+---------------------+---------------------+
| grade_1 |           1 |                0 | 2017-01-16 22:42:35 | 2017-01-16 22:42:35 |
| grade_2 |           2 |              501 | 2017-01-16 22:42:35 | 2017-01-16 22:42:35 |
| grade_3 |           3 |             1001 | 2017-01-16 22:42:35 | 2017-01-16 22:42:35 |
| grade_4 |           4 |             2001 | 2017-01-16 22:42:35 | 2017-01-16 22:42:35 |
| grade_5 |           5 |             5001 | 2017-01-16 22:42:35 | 2017-01-16 22:42:35 |
| grade_6 |           6 |            10001 | 2017-01-16 22:42:35 | 2017-01-16 22:42:35 |
| grade_7 |           7 |            20001 | 2017-01-16 22:42:35 | 2017-01-16 22:42:35 |
+---------+-------------+------------------+---------------------+---------------------+
7 rows in set (0.00 sec)

*******************************************************************************************************
// 创建一张关联表grade_power
DROP TABLE IF EXISTS `grade_power`;
CREATE TABLE `grade_power` (
  `gid` varchar(50) NOT NULL,
  `sheepnumber` int(11) NOT NULL COMMENT '等级值',
  `create_at` timestamp NOT NULL DEFAULT CURRENT_TIMESTAMP COMMENT '创建时间',
  `update_at` timestamp NOT NULL DEFAULT CURRENT_TIMESTAMP ON UPDATE CURRENT_TIMESTAMP COMMENT '修改时间',
  PRIMARY KEY (`gid`)
) ENGINE=InnoDB DEFAULT CHARSET=utf8 COMMENT='等级权限表';

// 插入数据
INSERT INTO `grade_power` VALUES ('grade_1', 1, '2017-01-16 22:42:35', '2017-01-16 22:42:35');
INSERT INTO `grade_power` VALUES ('grade_2', 2, '2017-01-16 22:42:35', '2017-01-16 22:42:35');
INSERT INTO `grade_power` VALUES ('grade_3', 3, '2017-01-16 22:42:35', '2017-01-16 22:42:35');
INSERT INTO `grade_power` VALUES ('grade_4', 4, '2017-01-16 22:42:35', '2017-01-16 22:42:35');
INSERT INTO `grade_power` VALUES ('grade_5', 5, '2017-01-16 22:42:35', '2017-01-16 22:42:35');
INSERT INTO `grade_power` VALUES ('grade_6', 6, '2017-01-16 22:42:35', '2017-01-16 22:42:35');
INSERT INTO `grade_power` VALUES ('grade_7', 7, '2017-01-16 22:42:35', '2017-01-16 22:42:35');

mysql> select * from grade_power;
+---------+-------------+---------------------+---------------------+
| gid     | sheepnumber | create_at           | update_at           |
+---------+-------------+---------------------+---------------------+
| grade_1 |           1 | 2017-01-16 22:42:35 | 2017-01-16 22:42:35 |
| grade_2 |           2 | 2017-01-16 22:42:35 | 2017-01-16 22:42:35 |
| grade_3 |           3 | 2017-01-16 22:42:35 | 2017-01-16 22:42:35 |
| grade_4 |           4 | 2017-01-16 22:42:35 | 2017-01-16 22:42:35 |
| grade_5 |           5 | 2017-01-16 22:42:35 | 2017-01-16 22:42:35 |
| grade_6 |           6 | 2017-01-16 22:42:35 | 2017-01-16 22:42:35 |
| grade_7 |           7 | 2017-01-16 22:42:35 | 2017-01-16 22:42:35 |
+---------+-------------+---------------------+---------------------+
7 rows in set (0.00 sec)
```

## SQL 更改表结构
alter add命令用来增加表的字段。

alter add命令格式：alter table 表名 add字段 类型 其他;
```
例如，在表MyClass中添加了一个字段passtest，类型为int(4)，默认值为0：
mysql> alter table MyClass add passtest int(4) default '0';

在表 manager 中添加 deptment 字段 类型 VARCHAR(20) 默认值NULL
ALTER TABLE manager ADD deptment VARCHAR(20) DEFAULT NULL

添加多列 The syntax to add multiple columns to an existing table in SQL Server (Transact-SQL) is:
ALTER TABLE manager 
ADD COLUMN `last_name` VARCHAR(50) NOT NULL AFTER `nickname`, 
ADD COLUMN `first_name` VARCHAR(40) NOT NULL;
```

删除列 DROP COLUMN columnname 删除表中的 
```
ALTER TABLE manager DROP deptment
```


1) 加索引
   mysql> alter table 表名 add index 索引名 (字段名1[，字段名2 …]);

例子： mysql> alter table employee add index emp_name (name);

2) 加主关键字的索引
    mysql> alter table 表名 add primary key (字段名);

例子： mysql> alter table employee add primary key(id);

3) 加唯一限制条件的索引
   mysql> alter table 表名 add unique 索引名 (字段名);

例子： mysql> alter table employee add unique emp_name2(cardnumber);

4) 删除某个索引
   mysql> alter table 表名 drop index 索引名;

例子： mysql>alter table employee drop index emp_name;

5) 增加字段
    mysql> ALTER TABLE table_name ADD field_name field_type;
```
ALTER TABLE `announcement_goods` ADD COLUMN `auc_id` varchar(255) NULL DEFAULT NULL AFTER `announcement_id`;
```

6) 修改原字段名称及类型
    mysql> ALTER TABLE table_name CHANGE old_field_name new_field_name field_type;

7) 删除字段
    MySQL ALTER TABLE table_name DROP field_name;

原文：https://blog.csdn.net/u013063153/article/details/53304325 

[各种修改表结构的情况](http://www.cnblogs.com/mr-wuxiansheng/p/6134513.html)







