> The WHERE clause is used to filter records.
> Note: The WHERE clause is not only used in SELECT statements, it is also used in UPDATE, DELETE, etc.!

## Operators in The WHERE Clause
```sql
mysql> select * from customers;
+----+---------------------+-----------------+---------+---------+
| id | name                | address         | city    | country |
+----+---------------------+-----------------+---------+---------+
|  1 | Alfreds Futterkiste | Obere Str. 57   | Berlin  | Germany |
|  2 | Antonio             | Mataderos 2312  | London  | UK      |
|  3 | Eastern             | Mataderos 23889 | Sevilla | Spain   |
|  4 | Jack                | Opps            | Beijing | UK      |
+----+---------------------+-----------------+---------+---------+
4 rows in set (0.00 sec)

=	Equal	
>	Greater than	
<	Less than	
>=	Greater than or equal	
<=	Less than or equal	
<>	Not equal. Note: In some versions of SQL this operator may be written as !=	
BETWEEN	Between a certain range	
LIKE	Search for a pattern	
IN	To specify multiple possible values for a column
```

### =
```sql
mysql> select * from customers where country="UK";
+----+---------+----------------+---------+---------+
| id | name    | address        | city    | country |
+----+---------+----------------+---------+---------+
|  2 | Antonio | Mataderos 2312 | London  | UK      |
|  4 | Jack    | Opps           | Beijing | UK      |
+----+---------+----------------+---------+---------+
2 rows in set (0.04 sec)

mysql> select * from customers where country!="UK";
+----+---------------------+-----------------+---------+---------+
| id | name                | address         | city    | country |
+----+---------------------+-----------------+---------+---------+
|  1 | Alfreds Futterkiste | Obere Str. 57   | Berlin  | Germany |
|  3 | Eastern             | Mataderos 23889 | Sevilla | Spain   |
+----+---------------------+-----------------+---------+---------+
2 rows in set (0.00 sec)
```

### between
```sql
mysql> select * from customers where id between 2 and 6;
+----+---------+-----------------+---------+---------+
| id | name    | address         | city    | country |
+----+---------+-----------------+---------+---------+
|  2 | Antonio | Mataderos 2312  | London  | UK      |
|  3 | Eastern | Mataderos 23889 | Sevilla | Spain   |
|  4 | Jack    | Opps            | Beijing | UK      |
+----+---------+-----------------+---------+---------+
3 rows in set (0.02 sec)
```

### [like](./1.2.LIKE.md)
```sql
mysql> select * from customers where city like 's%';
+----+---------+-----------------+---------+---------+
| id | name    | address         | city    | country |
+----+---------+-----------------+---------+---------+
|  3 | Eastern | Mataderos 23889 | Sevilla | Spain   |
+----+---------+-----------------+---------+---------+
1 row in set (0.00 sec)
```
where city like 's%'; 匹配到city 以s开始的数据，不区分大小写

### in
```sql
mysql> select * from customers where country in ('UK','Spain');
+----+---------+-----------------+---------+---------+
| id | name    | address         | city    | country |
+----+---------+-----------------+---------+---------+
|  2 | Antonio | Mataderos 2312  | London  | UK      |
|  3 | Eastern | Mataderos 23889 | Sevilla | Spain   |
|  4 | Jack    | Opps            | Beijing | UK      |
+----+---------+-----------------+---------+---------+
3 rows in set (0.06 sec)
```