https://www.w3schools.com/sql/sql_and_or.asp

## AND Syntax
```sql
SELECT column1, column2, ...
FROM table_name
WHERE condition1 AND condition2 AND condition3 ...;

mysql> select * from customers where country='UK' and city='London';
+----+---------+----------------+--------+---------+
| id | name    | address        | city   | country |
+----+---------+----------------+--------+---------+
|  2 | Antonio | Mataderos 2312 | London | UK      |
+----+---------+----------------+--------+---------+
1 row in set (0.02 sec)
```

## OR Syntax
```sql
SELECT column1, column2, ...
FROM table_name
WHERE condition1 OR condition2 OR condition3 ...;

mysql> select * from customers where country='UK' or country='Spain';
+----+---------+-----------------+---------+---------+
| id | name    | address         | city    | country |
+----+---------+-----------------+---------+---------+
|  2 | Antonio | Mataderos 2312  | London  | UK      |
|  3 | Eastern | Mataderos 23889 | Sevilla | Spain   |
|  4 | Jack    | Opps            | Beijing | UK      |
+----+---------+-----------------+---------+---------+
3 rows in set (0.00 sec)
```

## NOT Syntax
```sql
SELECT column1, column2, ...
FROM table_name
WHERE NOT condition;

mysql> select * from customers where not country='UK';
+----+---------------------+-----------------+---------+---------+
| id | name                | address         | city    | country |
+----+---------------------+-----------------+---------+---------+
|  1 | Alfreds Futterkiste | Obere Str. 57   | Berlin  | Germany |
|  3 | Eastern             | Mataderos 23889 | Sevilla | Spain   |
+----+---------------------+-----------------+---------+---------+
2 rows in set (0.02 sec)
```

## Combining AND, OR and NOT
```sql
mysql> select * from customers where country='UK' and (city='London' or city='Beijing');
+----+---------+----------------+---------+---------+
| id | name    | address        | city    | country |
+----+---------+----------------+---------+---------+
|  2 | Antonio | Mataderos 2312 | London  | UK      |
|  4 | Jack    | Opps           | Beijing | UK      |
+----+---------+----------------+---------+---------+
2 rows in set (0.02 sec)
```